[
  {
    "name": "iPhone7",
    "deviceName": "iPhone7",
    "platformName": "iOS",
    "platformVersion": "13.2.3",
    "automationName": "XCuiTest",
    "udid": "fe0bd81d8ff3968a494f6975cc777cbac10fc026",
    "reset": true,
    "fullreset": false,
    "app": "Leap.ipa"
  },
  {
    "name": "APPLE_iPhoneXSMax",
    "deviceName": "APPLE_iPhoneXSMax_iOS_14.4.0_13843",
    "platformName": "iOS",
    "platformVersion": "14.4",
    "automationName": "appium",
    "reset": true,
    "fullreset": false,
    "app": "WordPress.zip"
  },
  {
    "name": "iPhone XR",
    "deviceName": "iPhone XR",
   "platformName": "iOS",
   "platformVersion": "14.5.0",
    "automationName": "XCuiTest",
    "udid" : "00008020-000A31960E3A002E",
    "reset": true,
   "fullreset": false,
   "app": "Leap.ipa"
}
]