[
  {
    "name": "redmi7s",
    "deviceName": "11f0ee0f",
    "platformName": "Android",
    "platformVersion": "9",
    "automationName": "appium",
    "packageName": "com.absli.leap",
    "activity": "com.absli.leap.MainActivity",
    "reset": true,
    "fullreset": false,
    "app": "Leap.apk"
  },
  {
    "name": "Redmi Note 6 Pro",
    "deviceName": "329fca83",
    "platformName": "Android",
    "platformVersion": "9 PKQ1.180904.001",
    "automationName": "Appium",
    "packageName": "com.absli.leap",
    "activity": "com.absli.leap.MainActivity",
    "reset": true,
    "fullreset": false,
    "app": "app-release.apk"
  }
]