<!DOCTYPE suite SYSTEM "https://testng.org/testng-1.0.dtd" >

<!-- android mobile browser -->
<suite name="Test Execution" parallel="none">
    <test name="E2E Test Suite">
        <parameter name="platformType" value="mobile"/>
        <parameter name="platformName" value="android"/>
        <parameter name="model" value="redmi7s"/>
        <parameter name="appType" value="mobilebrowser"/>
        <parameter name="runType" value="pcloudy"/>
        <parameter name="env" value="QA"/>
        <parameter name="headless" value="false"/>
        <classes>
            <class name="tests.steps.SignInPageTest"/>
        </classes>
    </test>
</suite>