<!DOCTYPE suite SYSTEM "https://testng.org/testng-1.0.dtd" >
<!-- android mobile native -->
<suite name="Test Execution" parallel="none">
    <test name="E2E Test Suite">
        <parameter name="platformType" value="mobile"/>
        <parameter name="platformName" value="android"/>
        <parameter name="model" value="redmi7s"/>
        <parameter name="appType" value="native"/>
        <parameter name="runType" value="pcloudy"/>
        <parameter name="env" value="QA"/>
        <parameter name="headless" value="false"/>
        <classes>
            <class name="tests.steps.SignInPageTest"/>
            <class name="tests.steps.ProfilePageTest"/>
            <class name="tests.steps.CreateApplModalTest"/>
            <class name="tests.steps.CaptureLeadIdTest"/>
            <class name="tests.steps.ProposerCaptureMobilePanTest"/>
            <class name="tests.steps.InsuredCaptureMobilePanTest"/>
        </classes>
    </test>
</suite>