<!DOCTYPE suite SYSTEM "https://testng.org/testng-1.0.dtd" >

<!--<suite name="Suite1" verbose="1" >-->
<!--    <test name="test" >-->
<!--        <classes>-->
<!--            <class name="androidTestClass" />-->
<!--        </classes>-->
<!--    </test>-->
<!--</suite>-->

<!-- android mobile native -->
<!--<suite name="Test Execution" parallel="none">
    <test name="E2E Test Suite">
        <parameter name="platformType" value="mobile"/>
        <parameter name="platformName" value="android"/>
        <parameter name="model" value="redmi7s"/>
        <parameter name="appType" value="mobilebrowser"/>
        <parameter name="runType" value="pcloudy"/>
        <parameter name="env" value="QA"/>
        <parameter name="headless" value="false"/>


        <classes>
            <class name="tests.validation.SignInPageTest"/>
        </classes>
    </test>
</suite>-->
<!-- android mobile browser -->
<!--<suite name="Test Execution" parallel="none">
    <test name="E2E Test Suite">
        <parameter name="platformType" value="mobile"/>
        <parameter name="platformName" value="android"/>
        <parameter name="model" value="redmi7s"/>
        <parameter name="appType" value="native"/>
        <parameter name="runType" value="pcloudy"/>
        <parameter name="env" value="QA"/>
        <parameter name="headless" value="false"/>

        <classes>
            <class name="tests.validation.SignInPageTest"/>
        </classes>
    </test>
</suite>-->
<!-- ios mobile browser -->
<!--<suite name="Test Execution" parallel="none">
    <test name="E2E Test Suite">
        <parameter name="platformType" value="mobile"/>
        <parameter name="platformName" value="ios"/>
        <parameter name="model" value="iphone7"/>
        <parameter name="appType" value="mobilebrowser"/>
        <parameter name="runType" value="pcloudy"/>
        <parameter name="env" value="QA"/>
        <parameter name="headless" value="false"/>

        <classes>
            <class name="com.absli.appium.pCloudyRunner"/>
        </classes>
    </test>
</suite>-->
<!-- web firefox -->
<!--
<suite name="Test Execution" parallel="none">
    <test name="E2E Test Suite">
        <parameter name="platformType" value="web"/>
        <parameter name="platformName" value="chrome"/>
        <parameter name="model" value="iphone7"/>
        <parameter name="appType" value="native"/>
        <parameter name="runType" value="local"/>
        <parameter name="env" value="QA"/>
        <parameter name="headless" value="false"/>

        <classes>
            <class name="tests.validation.SignInPageTest"/>
        </classes>
    </test>
</suite>
-->
<!-- web -->
<suite name="Test Execution" parallel="none">
    <test name="E2E Test Suite">
        <parameter name="platformType" value="web"/>
        <parameter name="platformName" value="chrome"/>
        <parameter name="appType" value="native"/>
        <parameter name="runType" value="local"/>
        <parameter name="env" value="QA"/>
        <parameter name="headless" value="false"/>
        <classes>
            <class name="tests.steps.CreateApplModalTest"/>
        </classes>
    </test>
</suite>
<!-- ios native -->
<!--<suite name="Test Execution" parallel="none">
    <test name="E2E Test Suite">
        <parameter name="platformType" value="mobile"/>
        <parameter name="platformName" value="ios"/>
        <parameter name="model" value="iphone7"/>
        <parameter name="appType" value="mobilebrowser"/>
        <parameter name="runType" value="pcloudy"/>
        <parameter name="env" value="QA"/>
        <parameter name="headless" value="false"/>
        <classes>
            <class name="tests.ProcessBuilderTest"/>
        </classes>
    </test>
</suite>-->
